position_id,delivery_time,direction,volume_mwh,trade_price_eur_mwh
POS-00001,2025-10-01 00:30:00+00:00,SELL,25.82,75.46
POS-00002,2025-10-01 02:00:00+00:00,SELL,51.69,46.7
POS-00003,2025-10-01 09:15:00+00:00,SELL,81.18,66.69
POS-00004,2025-10-01 15:45:00+00:00,BUY,70.37,115.72
POS-00005,2025-10-01 21:15:00+00:00,BUY,56.26,78.41
POS-00006,2025-10-02 00:00:00+00:00,SELL,46.51,28.63
POS-00007,2025-10-02 08:15:00+00:00,BUY,6.21,66.99
POS-00008,2025-10-02 15:30:00+00:00,SELL,76.26,84.86
POS-00009,2025-10-02 16:30:00+00:00,SELL,10.35,125.1
POS-00010,2025-10-03 07:15:00+00:00,BUY,15.33,79.3
POS-00011,2025-10-03 09:45:00+00:00,BUY,60.45,96.29
POS-00012,2025-10-03 13:30:00+00:00,BUY,69.97,94.43
POS-00013,2025-10-03 23:45:00+00:00,BUY,67.92,38.86
POS-00014,2025-10-04 01:45:00+00:00,BUY,41.19,51.16
POS-00015,2025-10-04 04:00:00+00:00,BUY,19.16,60.47
POS-00016,2025-10-04 04:45:00+00:00,SELL,7.82,70.5
POS-00017,2025-10-04 16:45:00+00:00,SELL,73.11,108.94
POS-00018,2025-10-04 22:30:00+00:00,SELL,83.22,60.85
POS-00019,2025-10-04 23:45:00+00:00,SELL,24.53,24.51
POS-00020,2025-10-05 01:00:00+00:00,SELL,74.29,58.96
POS-00021,2025-10-05 04:30:00+00:00,BUY,37.2,47.89
POS-00022,2025-10-05 10:00:00+00:00,BUY,29.91,45.94
POS-00023,2025-10-05 10:45:00+00:00,SELL,45.41,110.16
POS-00024,2025-10-05 13:30:00+00:00,BUY,5.65,72.29
POS-00025,2025-10-05 19:15:00+00:00,BUY,40.42,78.78
POS-00026,2025-10-05 22:30:00+00:00,BUY,20.96,42.8
POS-00027,2025-10-06 01:30:00+00:00,BUY,62.0,34.6
POS-00028,2025-10-06 07:15:00+00:00,SELL,45.21,69.2
POS-00029,2025-10-06 07:30:00+00:00,SELL,74.51,61.83
POS-00030,2025-10-06 18:15:00+00:00,BUY,76.73,131.48
POS-00031,2025-10-07 08:15:00+00:00,BUY,30.34,62.29
POS-00032,2025-10-07 11:30:00+00:00,BUY,27.43,108.7
POS-00033,2025-10-07 13:00:00+00:00,BUY,80.13,75.84
POS-00034,2025-10-07 13:45:00+00:00,BUY,45.32,110.17
POS-00035,2025-10-07 21:30:00+00:00,SELL,12.72,75.7
POS-00036,2025-10-07 21:45:00+00:00,BUY,8.67,69.15
POS-00037,2025-10-08 00:45:00+00:00,BUY,84.23,43.97
POS-00038,2025-10-08 05:45:00+00:00,BUY,51.33,88.08
POS-00039,2025-10-08 15:15:00+00:00,SELL,9.36,91.58
POS-00040,2025-10-09 01:15:00+00:00,BUY,45.9,75.29
POS-00041,2025-10-10 01:30:00+00:00,BUY,45.33,66.03
POS-00042,2025-10-10 05:15:00+00:00,SELL,39.83,91.77
POS-00043,2025-10-10 14:30:00+00:00,BUY,81.1,99.1
POS-00044,2025-10-10 18:15:00+00:00,SELL,80.9,32.97
POS-00045,2025-10-11 00:30:00+00:00,SELL,15.0,32.93
POS-00046,2025-10-11 01:15:00+00:00,SELL,17.14,51.93
POS-00047,2025-10-11 06:00:00+00:00,BUY,37.6,59.87
POS-00048,2025-10-11 07:15:00+00:00,SELL,71.72,63.49
POS-00049,2025-10-11 09:15:00+00:00,BUY,54.9,105.89
POS-00050,2025-10-11 13:15:00+00:00,SELL,63.39,80.78
POS-00051,2025-10-12 01:00:00+00:00,BUY,51.08,51.32
POS-00052,2025-10-12 11:15:00+00:00,SELL,21.8,122.06
POS-00053,2025-10-12 13:15:00+00:00,BUY,70.42,104.43
POS-00054,2025-10-13 02:45:00+00:00,BUY,6.12,41.75
POS-00055,2025-10-13 03:15:00+00:00,BUY,60.88,67.5
POS-00056,2025-10-13 04:15:00+00:00,BUY,20.55,52.44
POS-00057,2025-10-13 09:15:00+00:00,SELL,42.69,106.58
POS-00058,2025-10-14 01:00:00+00:00,BUY,83.01,70.84
POS-00059,2025-10-14 10:15:00+00:00,SELL,48.12,99.31
POS-00060,2025-10-14 11:45:00+00:00,SELL,9.56,102.87
POS-00061,2025-10-14 12:30:00+00:00,SELL,39.3,95.6
POS-00062,2025-10-14 12:45:00+00:00,SELL,57.82,95.65
POS-00063,2025-10-14 20:30:00+00:00,SELL,9.54,64.01
POS-00064,2025-10-14 22:30:00+00:00,BUY,25.21,102.96
POS-00065,2025-10-14 23:45:00+00:00,BUY,6.47,36.66
POS-00066,2025-10-15 00:00:00+00:00,BUY,48.21,50.18
POS-00067,2025-10-15 06:15:00+00:00,BUY,35.52,83.98
POS-00068,2025-10-15 09:45:00+00:00,BUY,45.3,92.58
POS-00069,2025-10-15 11:15:00+00:00,SELL,28.67,97.6
POS-00070,2025-10-15 19:00:00+00:00,BUY,57.54,93.77
POS-00071,2025-10-15 21:15:00+00:00,SELL,18.85,97.47
POS-00072,2025-10-16 06:30:00+00:00,BUY,77.53,68.1
POS-00073,2025-10-16 19:15:00+00:00,SELL,81.81,112.47
POS-00074,2025-10-17 01:45:00+00:00,SELL,44.44,47.71
POS-00075,2025-10-17 05:15:00+00:00,BUY,42.23,68.61
POS-00076,2025-10-17 18:15:00+00:00,SELL,73.77,116.38
POS-00077,2025-10-17 22:15:00+00:00,SELL,28.19,73.09
POS-00078,2025-10-18 00:15:00+00:00,SELL,69.25,54.86
POS-00079,2025-10-18 12:45:00+00:00,SELL,27.98,118.12
POS-00080,2025-10-18 22:45:00+00:00,BUY,62.6,89.86
POS-00081,2025-10-19 06:15:00+00:00,BUY,31.72,83.72
POS-00082,2025-10-19 06:45:00+00:00,SELL,53.21,74.78
POS-00083,2025-10-19 08:00:00+00:00,SELL,79.07,55.56
POS-00084,2025-10-19 11:45:00+00:00,BUY,9.35,107.95
POS-00085,2025-10-19 21:30:00+00:00,SELL,69.58,75.84
POS-00086,2025-10-19 23:30:00+00:00,SELL,48.35,81.19
POS-00087,2025-10-20 01:15:00+00:00,SELL,35.33,63.13
POS-00088,2025-10-20 04:15:00+00:00,BUY,33.02,86.25
POS-00089,2025-10-20 08:15:00+00:00,BUY,10.55,110.97
POS-00090,2025-10-20 11:00:00+00:00,BUY,25.67,107.58
POS-00091,2025-10-20 17:00:00+00:00,BUY,54.85,111.15
POS-00092,2025-10-20 17:45:00+00:00,SELL,12.81,116.09
POS-00093,2025-10-20 18:15:00+00:00,BUY,58.55,122.52
POS-00094,2025-10-20 19:15:00+00:00,SELL,81.98,121.16
POS-00095,2025-10-21 00:00:00+00:00,BUY,83.46,67.65
POS-00096,2025-10-21 10:00:00+00:00,SELL,76.14,94.36
POS-00097,2025-10-21 12:15:00+00:00,BUY,69.53,132.68
POS-00098,2025-10-21 14:15:00+00:00,BUY,19.24,107.29
POS-00099,2025-10-21 23:45:00+00:00,BUY,82.61,79.95
POS-00100,2025-10-22 13:15:00+00:00,BUY,21.22,102.62
POS-00101,2025-10-22 19:45:00+00:00,SELL,74.52,106.98
POS-00102,2025-10-23 03:00:00+00:00,SELL,75.23,91.3
POS-00103,2025-10-23 14:30:00+00:00,BUY,54.75,95.09
POS-00104,2025-10-23 17:15:00+00:00,BUY,46.7,102.12
POS-00105,2025-10-23 17:30:00+00:00,SELL,21.03,90.43
POS-00106,2025-10-24 04:45:00+00:00,BUY,46.56,74.4
POS-00107,2025-10-24 05:00:00+00:00,SELL,28.25,119.64
POS-00108,2025-10-24 08:30:00+00:00,SELL,15.07,81.64
POS-00109,2025-10-24 09:00:00+00:00,BUY,15.26,109.69
POS-00110,2025-10-24 13:00:00+00:00,BUY,69.09,71.17
POS-00111,2025-10-25 07:30:00+00:00,SELL,78.79,75.03
POS-00112,2025-10-25 11:45:00+00:00,SELL,16.35,105.21
POS-00113,2025-10-25 15:45:00+00:00,BUY,6.06,116.1
POS-00114,2025-10-25 17:00:00+00:00,SELL,26.09,93.4
POS-00115,2025-10-26 01:00:00+00:00,BUY,15.76,51.68
POS-00116,2025-10-26 01:45:00+00:00,SELL,20.09,53.04
POS-00117,2025-10-26 02:30:00+00:00,SELL,51.67,33.35
POS-00118,2025-10-26 17:45:00+00:00,BUY,38.78,99.3
POS-00119,2025-10-27 15:30:00+00:00,BUY,39.34,116.65
POS-00120,2025-10-27 19:45:00+00:00,SELL,21.45,75.98
POS-00121,2025-10-27 22:45:00+00:00,BUY,58.17,88.12
POS-00122,2025-10-28 00:00:00+00:00,SELL,28.16,73.41
POS-00123,2025-10-28 00:45:00+00:00,SELL,36.93,49.36
POS-00124,2025-10-28 01:30:00+00:00,BUY,42.07,28.86
POS-00125,2025-10-28 11:00:00+00:00,SELL,77.35,113.83
POS-00126,2025-10-28 19:30:00+00:00,BUY,24.71,112.06
POS-00127,2025-10-28 19:45:00+00:00,BUY,62.49,124.85
POS-00128,2025-10-28 22:45:00+00:00,BUY,29.75,78.23
POS-00129,2025-10-29 06:00:00+00:00,BUY,76.55,69.0
POS-00130,2025-10-29 14:15:00+00:00,BUY,36.53,122.78
POS-00131,2025-10-29 16:30:00+00:00,SELL,45.41,116.12
POS-00132,2025-10-30 00:30:00+00:00,SELL,75.18,60.0
POS-00133,2025-10-30 01:15:00+00:00,BUY,58.82,55.42
POS-00134,2025-10-30 02:30:00+00:00,BUY,12.55,71.81
POS-00135,2025-10-30 03:45:00+00:00,SELL,15.95,72.91
POS-00136,2025-10-30 06:45:00+00:00,BUY,84.26,77.16
POS-00137,2025-10-30 10:45:00+00:00,SELL,7.33,112.24
POS-00138,2025-10-31 00:45:00+00:00,BUY,29.07,66.6
POS-00139,2025-10-31 04:15:00+00:00,BUY,81.71,71.1
POS-00140,2025-10-31 05:30:00+00:00,SELL,6.21,70.24
POS-00141,2025-10-31 06:15:00+00:00,SELL,17.91,69.85
POS-00142,2025-10-31 07:45:00+00:00,SELL,22.07,99.62
POS-00143,2025-10-31 16:15:00+00:00,BUY,11.91,101.81
POS-00144,2025-10-31 20:30:00+00:00,SELL,42.76,88.91
POS-00145,2025-10-31 22:15:00+00:00,BUY,52.4,60.8
POS-00146,2025-10-31 22:45:00+00:00,SELL,30.47,88.55
POS-00147,2025-10-31 23:00:00+00:00,BUY,13.69,79.27
POS-00148,2025-11-01 01:30:00+00:00,BUY,69.88,51.49
POS-00149,2025-11-01 06:00:00+00:00,BUY,69.36,72.92
POS-00150,2025-11-01 13:00:00+00:00,SELL,49.97,106.56
POS-00151,2025-11-01 13:15:00+00:00,BUY,16.02,94.37
POS-00152,2025-11-01 15:15:00+00:00,SELL,48.35,89.07
POS-00153,2025-11-01 21:00:00+00:00,SELL,55.36,83.51
POS-00154,2025-11-02 06:30:00+00:00,SELL,39.26,85.69
POS-00155,2025-11-02 16:45:00+00:00,SELL,74.11,130.28
POS-00156,2025-11-02 21:30:00+00:00,SELL,36.2,49.14
POS-00157,2025-11-03 01:15:00+00:00,BUY,45.87,82.32
POS-00158,2025-11-03 02:45:00+00:00,BUY,14.13,51.57
POS-00159,2025-11-03 03:30:00+00:00,BUY,50.08,62.69
POS-00160,2025-11-03 04:15:00+00:00,BUY,66.32,39.09
POS-00161,2025-11-03 06:00:00+00:00,BUY,63.5,93.94
POS-00162,2025-11-03 17:00:00+00:00,SELL,25.56,112.35
POS-00163,2025-11-04 07:00:00+00:00,SELL,84.35,70.3
POS-00164,2025-11-04 07:30:00+00:00,BUY,62.59,83.88
POS-00165,2025-11-04 13:00:00+00:00,SELL,38.9,109.41
POS-00166,2025-11-04 15:30:00+00:00,BUY,38.19,91.64
POS-00167,2025-11-04 18:45:00+00:00,SELL,67.35,84.23
POS-00168,2025-11-05 10:00:00+00:00,SELL,19.05,75.25
POS-00169,2025-11-05 13:15:00+00:00,BUY,56.17,93.36
POS-00170,2025-11-05 18:00:00+00:00,SELL,62.51,100.96
POS-00171,2025-11-05 22:15:00+00:00,BUY,46.31,58.8
POS-00172,2025-11-05 23:30:00+00:00,SELL,74.86,61.31
POS-00173,2025-11-06 06:15:00+00:00,SELL,42.49,72.82
POS-00174,2025-11-06 08:00:00+00:00,BUY,42.19,70.29
POS-00175,2025-11-06 11:45:00+00:00,BUY,27.77,87.76
POS-00176,2025-11-06 17:15:00+00:00,BUY,78.55,136.21
POS-00177,2025-11-07 00:00:00+00:00,SELL,30.3,39.36
POS-00178,2025-11-07 00:15:00+00:00,SELL,60.62,36.19
POS-00179,2025-11-07 02:30:00+00:00,SELL,37.75,37.63
POS-00180,2025-11-07 20:45:00+00:00,BUY,79.83,71.39
POS-00181,2025-11-07 21:45:00+00:00,SELL,80.84,42.05
POS-00182,2025-11-08 03:00:00+00:00,SELL,7.4,41.37
POS-00183,2025-11-08 04:45:00+00:00,SELL,84.56,26.74
POS-00184,2025-11-08 07:30:00+00:00,BUY,53.39,64.9
POS-00185,2025-11-08 18:45:00+00:00,SELL,10.91,97.1
POS-00186,2025-11-09 02:15:00+00:00,BUY,44.76,45.21
POS-00187,2025-11-09 03:45:00+00:00,BUY,8.96,32.52
POS-00188,2025-11-09 04:00:00+00:00,BUY,48.91,38.09
POS-00189,2025-11-09 07:45:00+00:00,BUY,19.84,35.85
POS-00190,2025-11-09 12:00:00+00:00,BUY,34.44,82.06
POS-00191,2025-11-10 03:00:00+00:00,BUY,29.38,43.12
POS-00192,2025-11-10 05:45:00+00:00,SELL,53.18,75.55
POS-00193,2025-11-10 06:45:00+00:00,BUY,70.79,94.49
POS-00194,2025-11-10 13:30:00+00:00,SELL,79.92,109.98
POS-00195,2025-11-10 16:30:00+00:00,BUY,31.31,69.66
POS-00196,2025-11-11 09:30:00+00:00,SELL,50.58,64.62
POS-00197,2025-11-11 14:45:00+00:00,BUY,5.47,102.66
POS-00198,2025-11-11 16:00:00+00:00,BUY,34.77,113.37
POS-00199,2025-11-11 18:15:00+00:00,SELL,81.86,99.79
POS-00200,2025-11-11 20:00:00+00:00,BUY,14.51,82.0
POS-00201,2025-11-12 05:00:00+00:00,SELL,74.59,52.95
POS-00202,2025-11-12 05:45:00+00:00,SELL,57.2,57.95
POS-00203,2025-11-12 11:45:00+00:00,SELL,28.51,62.15
POS-00204,2025-11-12 13:30:00+00:00,BUY,67.25,80.67
POS-00205,2025-11-12 15:30:00+00:00,SELL,28.14,80.81
POS-00206,2025-11-12 22:30:00+00:00,BUY,76.59,30.55
POS-00207,2025-11-13 01:30:00+00:00,SELL,11.62,47.84
POS-00208,2025-11-13 15:00:00+00:00,SELL,14.52,74.03
POS-00209,2025-11-13 15:45:00+00:00,SELL,65.0,97.65
POS-00210,2025-11-13 23:15:00+00:00,BUY,40.93,61.4
POS-00211,2025-11-14 05:15:00+00:00,BUY,16.8,65.73
POS-00212,2025-11-14 05:30:00+00:00,BUY,46.07,55.3
POS-00213,2025-11-14 12:30:00+00:00,BUY,28.76,88.99
POS-00214,2025-11-14 14:15:00+00:00,SELL,48.95,53.73
POS-00215,2025-11-14 14:45:00+00:00,SELL,64.5,104.09
POS-00216,2025-11-14 16:45:00+00:00,BUY,73.55,87.79
POS-00217,2025-11-14 22:45:00+00:00,SELL,9.72,36.89
POS-00218,2025-11-15 06:00:00+00:00,SELL,52.39,42.97
POS-00219,2025-11-15 12:15:00+00:00,BUY,83.69,87.92
POS-00220,2025-11-15 13:00:00+00:00,SELL,41.78,69.03
POS-00221,2025-11-15 15:00:00+00:00,SELL,66.57,115.43
POS-00222,2025-11-15 16:00:00+00:00,BUY,12.78,102.26
POS-00223,2025-11-15 22:30:00+00:00,SELL,74.88,46.73
POS-00224,2025-11-15 23:30:00+00:00,SELL,51.56,32.68
POS-00225,2025-11-16 03:30:00+00:00,SELL,76.06,20.66
POS-00226,2025-11-16 05:45:00+00:00,BUY,67.97,40.21
POS-00227,2025-11-16 07:00:00+00:00,SELL,74.54,54.99
POS-00228,2025-11-16 12:15:00+00:00,SELL,9.58,109.2
POS-00229,2025-11-16 14:30:00+00:00,SELL,62.24,69.22
POS-00230,2025-11-16 15:15:00+00:00,SELL,20.76,46.06
POS-00231,2025-11-16 18:45:00+00:00,BUY,26.26,63.78
POS-00232,2025-11-17 03:00:00+00:00,SELL,30.98,56.0
POS-00233,2025-11-17 05:45:00+00:00,SELL,52.31,44.33
POS-00234,2025-11-17 06:45:00+00:00,SELL,55.23,57.0
POS-00235,2025-11-17 12:00:00+00:00,BUY,79.52,83.2
POS-00236,2025-11-17 17:15:00+00:00,BUY,6.02,104.55
POS-00237,2025-11-17 18:30:00+00:00,SELL,20.48,94.33
POS-00238,2025-11-17 20:15:00+00:00,BUY,33.96,60.77
POS-00239,2025-11-18 01:30:00+00:00,SELL,70.44,46.6
POS-00240,2025-11-18 02:15:00+00:00,SELL,48.99,27.48
POS-00241,2025-11-18 10:00:00+00:00,BUY,45.96,71.39
POS-00242,2025-11-18 14:45:00+00:00,BUY,65.81,74.76
POS-00243,2025-11-19 04:30:00+00:00,BUY,57.4,39.15
POS-00244,2025-11-19 20:30:00+00:00,SELL,28.19,65.49
POS-00245,2025-11-20 04:30:00+00:00,BUY,11.97,34.28
POS-00246,2025-11-20 12:15:00+00:00,BUY,41.98,79.67
POS-00247,2025-11-20 16:30:00+00:00,BUY,75.41,89.45
POS-00248,2025-11-20 21:30:00+00:00,SELL,52.85,54.38
POS-00249,2025-11-21 07:45:00+00:00,SELL,9.26,69.78
POS-00250,2025-11-21 10:45:00+00:00,BUY,40.21,54.7
POS-00251,2025-11-21 20:30:00+00:00,BUY,35.77,94.46
POS-00252,2025-11-22 01:00:00+00:00,BUY,51.59,38.92
POS-00253,2025-11-22 15:30:00+00:00,BUY,51.97,76.33
POS-00254,2025-11-22 17:30:00+00:00,BUY,81.11,50.2
POS-00255,2025-11-22 21:00:00+00:00,BUY,32.05,42.07
POS-00256,2025-11-23 00:00:00+00:00,BUY,37.65,27.95
POS-00257,2025-11-23 01:30:00+00:00,BUY,54.08,53.78
POS-00258,2025-11-23 05:15:00+00:00,SELL,75.91,48.61
POS-00259,2025-11-23 12:00:00+00:00,SELL,61.49,86.49
POS-00260,2025-11-23 22:30:00+00:00,BUY,42.67,13.07
POS-00261,2025-11-23 23:30:00+00:00,BUY,70.17,28.13
POS-00262,2025-11-24 03:15:00+00:00,SELL,43.82,32.04
POS-00263,2025-11-24 06:30:00+00:00,BUY,82.08,65.07
POS-00264,2025-11-24 09:00:00+00:00,BUY,27.6,59.14
POS-00265,2025-11-24 16:45:00+00:00,BUY,15.19,112.76
POS-00266,2025-11-24 17:45:00+00:00,BUY,71.43,95.27
POS-00267,2025-11-24 19:15:00+00:00,SELL,28.78,77.3
POS-00268,2025-11-24 21:45:00+00:00,BUY,72.79,46.82
POS-00269,2025-11-24 22:45:00+00:00,BUY,53.75,32.87
POS-00270,2025-11-24 23:00:00+00:00,SELL,45.72,37.16
POS-00271,2025-11-25 01:00:00+00:00,SELL,11.96,13.3
POS-00272,2025-11-25 03:00:00+00:00,BUY,67.91,54.49
POS-00273,2025-11-25 04:15:00+00:00,BUY,10.27,47.36
POS-00274,2025-11-25 07:00:00+00:00,SELL,82.21,65.48
POS-00275,2025-11-25 07:45:00+00:00,BUY,75.16,79.0
POS-00276,2025-11-25 12:30:00+00:00,SELL,29.24,84.31
POS-00277,2025-11-25 18:45:00+00:00,BUY,15.23,85.88
POS-00278,2025-11-26 00:00:00+00:00,SELL,75.85,40.78
POS-00279,2025-11-26 08:30:00+00:00,SELL,43.39,61.17
POS-00280,2025-11-26 10:45:00+00:00,SELL,14.99,55.61
POS-00281,2025-11-26 23:45:00+00:00,SELL,44.88,41.28
POS-00282,2025-11-27 19:00:00+00:00,BUY,24.75,81.67
POS-00283,2025-11-27 19:30:00+00:00,BUY,37.63,81.39
POS-00284,2025-11-28 04:30:00+00:00,BUY,56.22,61.95
POS-00285,2025-11-28 13:00:00+00:00,SELL,78.23,112.99
POS-00286,2025-11-28 17:30:00+00:00,BUY,69.07,103.67
POS-00287,2025-11-29 19:30:00+00:00,BUY,17.88,81.39
POS-00288,2025-11-29 20:45:00+00:00,BUY,43.19,46.39
POS-00289,2025-11-29 21:15:00+00:00,SELL,44.35,64.29
POS-00290,2025-11-30 00:00:00+00:00,SELL,84.16,50.79
POS-00291,2025-11-30 03:45:00+00:00,BUY,11.95,58.78
POS-00292,2025-11-30 07:00:00+00:00,BUY,45.86,30.77
POS-00293,2025-11-30 09:00:00+00:00,SELL,78.15,76.16
POS-00294,2025-11-30 20:15:00+00:00,SELL,36.91,41.88
POS-00295,2025-12-01 08:30:00+00:00,SELL,25.94,71.15
POS-00296,2025-12-01 09:30:00+00:00,SELL,49.47,78.82
POS-00297,2025-12-01 12:00:00+00:00,SELL,30.61,112.57
POS-00298,2025-12-01 12:15:00+00:00,SELL,79.17,69.94
POS-00299,2025-12-01 17:45:00+00:00,SELL,11.78,100.07
POS-00300,2025-12-01 18:30:00+00:00,BUY,21.54,90.43
POS-00301,2025-12-02 11:15:00+00:00,SELL,11.71,84.36
POS-00302,2025-12-02 11:30:00+00:00,BUY,61.95,66.83
POS-00303,2025-12-02 16:45:00+00:00,SELL,28.45,89.62
POS-00304,2025-12-02 17:00:00+00:00,SELL,77.01,69.59
POS-00305,2025-12-02 19:30:00+00:00,SELL,76.49,86.58
POS-00306,2025-12-02 21:00:00+00:00,BUY,79.91,60.84
POS-00307,2025-12-02 23:30:00+00:00,BUY,25.49,43.72
POS-00308,2025-12-03 08:15:00+00:00,BUY,5.05,35.7
POS-00309,2025-12-03 09:30:00+00:00,BUY,36.01,63.82
POS-00310,2025-12-03 10:00:00+00:00,SELL,82.01,114.19
POS-00311,2025-12-03 10:15:00+00:00,SELL,66.1,54.05
POS-00312,2025-12-04 02:00:00+00:00,BUY,9.77,50.45
POS-00313,2025-12-04 04:15:00+00:00,SELL,61.21,50.05
POS-00314,2025-12-04 07:30:00+00:00,SELL,78.37,75.49
POS-00315,2025-12-04 08:15:00+00:00,BUY,82.42,54.73
POS-00316,2025-12-04 08:45:00+00:00,SELL,62.28,73.48
POS-00317,2025-12-04 19:45:00+00:00,SELL,74.04,108.11
POS-00318,2025-12-05 20:00:00+00:00,BUY,72.34,54.62
POS-00319,2025-12-05 20:15:00+00:00,BUY,33.67,69.11
POS-00320,2025-12-05 21:00:00+00:00,SELL,12.92,80.5
POS-00321,2025-12-06 01:00:00+00:00,SELL,63.2,33.97
POS-00322,2025-12-06 01:30:00+00:00,BUY,15.95,61.92
POS-00323,2025-12-06 03:15:00+00:00,SELL,35.74,28.82
POS-00324,2025-12-06 06:15:00+00:00,SELL,84.66,71.54
POS-00325,2025-12-06 08:45:00+00:00,SELL,49.78,65.31
POS-00326,2025-12-06 10:30:00+00:00,BUY,46.74,96.39
POS-00327,2025-12-06 14:45:00+00:00,BUY,80.83,64.15
POS-00328,2025-12-07 02:30:00+00:00,SELL,27.72,19.19
POS-00329,2025-12-07 07:00:00+00:00,BUY,84.95,63.27
POS-00330,2025-12-07 08:30:00+00:00,BUY,77.96,65.27
POS-00331,2025-12-07 20:00:00+00:00,SELL,34.11,95.57
POS-00332,2025-12-07 23:45:00+00:00,BUY,31.18,35.03
POS-00333,2025-12-08 01:00:00+00:00,SELL,15.13,55.07
POS-00334,2025-12-08 08:45:00+00:00,BUY,78.25,77.05
POS-00335,2025-12-08 13:30:00+00:00,SELL,19.86,106.84
POS-00336,2025-12-09 08:45:00+00:00,BUY,5.72,57.88
POS-00337,2025-12-09 09:15:00+00:00,SELL,76.21,111.69
POS-00338,2025-12-09 09:45:00+00:00,BUY,52.85,84.66
POS-00339,2025-12-09 10:00:00+00:00,BUY,58.75,70.26
POS-00340,2025-12-09 13:30:00+00:00,BUY,63.65,93.16
POS-00341,2025-12-09 17:30:00+00:00,BUY,8.41,93.78
POS-00342,2025-12-10 00:00:00+00:00,BUY,12.35,50.05
POS-00343,2025-12-10 03:30:00+00:00,SELL,44.99,70.91
POS-00344,2025-12-10 07:15:00+00:00,BUY,9.02,48.37
POS-00345,2025-12-10 08:00:00+00:00,BUY,45.35,79.09
POS-00346,2025-12-10 08:30:00+00:00,SELL,63.91,85.59
POS-00347,2025-12-11 04:15:00+00:00,SELL,57.59,43.36
POS-00348,2025-12-11 04:30:00+00:00,SELL,54.33,50.15
POS-00349,2025-12-11 18:30:00+00:00,BUY,8.71,85.96
POS-00350,2025-12-11 20:15:00+00:00,BUY,23.93,75.42
POS-00351,2025-12-11 21:00:00+00:00,BUY,76.8,70.32
POS-00352,2025-12-11 22:30:00+00:00,BUY,14.86,50.69
POS-00353,2025-12-12 06:45:00+00:00,BUY,47.66,78.85
POS-00354,2025-12-12 18:45:00+00:00,BUY,9.0,97.67
POS-00355,2025-12-13 05:15:00+00:00,BUY,80.14,57.59
POS-00356,2025-12-13 09:30:00+00:00,BUY,18.73,57.76
POS-00357,2025-12-14 06:45:00+00:00,SELL,37.8,69.4
POS-00358,2025-12-14 08:30:00+00:00,BUY,48.74,99.44
POS-00359,2025-12-14 10:30:00+00:00,BUY,62.49,85.76
POS-00360,2025-12-14 11:15:00+00:00,SELL,80.0,96.25
POS-00361,2025-12-14 19:45:00+00:00,BUY,63.91,89.69
POS-00362,2025-12-14 21:30:00+00:00,BUY,32.79,18.92
POS-00363,2025-12-15 00:15:00+00:00,BUY,11.03,59.53
POS-00364,2025-12-15 01:30:00+00:00,BUY,61.59,46.39
POS-00365,2025-12-15 04:45:00+00:00,SELL,82.8,66.03
POS-00366,2025-12-15 11:15:00+00:00,BUY,6.36,124.56
POS-00367,2025-12-15 13:00:00+00:00,BUY,66.97,78.29
POS-00368,2025-12-15 16:45:00+00:00,SELL,19.09,108.72
POS-00369,2025-12-16 08:45:00+00:00,SELL,41.8,101.77
POS-00370,2025-12-16 16:45:00+00:00,BUY,46.81,118.7
POS-00371,2025-12-16 21:30:00+00:00,BUY,54.15,79.09
POS-00372,2025-12-17 05:00:00+00:00,BUY,84.16,75.6
POS-00373,2025-12-17 08:45:00+00:00,SELL,59.99,68.58
POS-00374,2025-12-17 12:30:00+00:00,SELL,36.39,118.44
POS-00375,2025-12-17 17:30:00+00:00,BUY,62.2,104.69
POS-00376,2025-12-17 23:30:00+00:00,SELL,42.34,65.44
POS-00377,2025-12-18 07:00:00+00:00,BUY,38.05,96.56
POS-00378,2025-12-18 09:45:00+00:00,BUY,34.25,101.2
POS-00379,2025-12-18 15:15:00+00:00,BUY,44.47,92.72
POS-00380,2025-12-19 01:15:00+00:00,SELL,27.49,65.74
POS-00381,2025-12-19 05:30:00+00:00,BUY,24.37,61.8
POS-00382,2025-12-19 06:00:00+00:00,BUY,16.88,87.38
POS-00383,2025-12-19 07:30:00+00:00,SELL,40.22,79.06
POS-00384,2025-12-19 08:45:00+00:00,BUY,28.46,82.35
POS-00385,2025-12-19 09:00:00+00:00,BUY,71.96,98.99
POS-00386,2025-12-19 09:45:00+00:00,BUY,72.83,100.16
POS-00387,2025-12-19 13:00:00+00:00,SELL,32.51,120.31
POS-00388,2025-12-19 18:45:00+00:00,SELL,54.53,112.84
POS-00389,2025-12-19 20:30:00+00:00,SELL,77.18,102.89
POS-00390,2025-12-20 03:15:00+00:00,SELL,33.73,62.32
POS-00391,2025-12-20 06:00:00+00:00,SELL,49.38,72.46
POS-00392,2025-12-20 07:30:00+00:00,SELL,40.48,70.89
POS-00393,2025-12-20 10:00:00+00:00,SELL,57.02,90.6
POS-00394,2025-12-20 12:00:00+00:00,SELL,81.78,69.28
POS-00395,2025-12-21 05:30:00+00:00,BUY,16.09,88.2
POS-00396,2025-12-21 07:00:00+00:00,BUY,82.23,52.13
POS-00397,2025-12-21 20:00:00+00:00,SELL,58.26,81.43
POS-00398,2025-12-21 20:45:00+00:00,BUY,68.67,71.18
POS-00399,2025-12-22 01:45:00+00:00,SELL,55.81,44.06
POS-00400,2025-12-22 09:15:00+00:00,SELL,74.63,63.24
POS-00401,2025-12-22 19:00:00+00:00,BUY,31.1,94.09
POS-00402,2025-12-23 10:45:00+00:00,SELL,61.64,87.76
POS-00403,2025-12-23 13:00:00+00:00,BUY,26.13,96.96
POS-00404,2025-12-23 23:30:00+00:00,BUY,45.69,92.26
POS-00405,2025-12-23 23:45:00+00:00,BUY,59.52,70.97
POS-00406,2025-12-24 05:45:00+00:00,SELL,21.09,77.22
POS-00407,2025-12-24 15:00:00+00:00,SELL,9.89,108.28
POS-00408,2025-12-24 15:45:00+00:00,SELL,68.28,109.37
POS-00409,2025-12-25 04:45:00+00:00,BUY,69.72,73.66
POS-00410,2025-12-25 05:00:00+00:00,SELL,58.25,67.37
POS-00411,2025-12-25 08:00:00+00:00,SELL,30.71,92.2
POS-00412,2025-12-25 09:00:00+00:00,SELL,57.65,91.27
POS-00413,2025-12-25 09:45:00+00:00,SELL,11.71,78.63
POS-00414,2025-12-25 10:30:00+00:00,BUY,58.0,99.13
POS-00415,2025-12-25 17:15:00+00:00,BUY,51.1,103.45
POS-00416,2025-12-25 19:30:00+00:00,SELL,54.38,109.06
POS-00417,2025-12-25 21:00:00+00:00,SELL,40.76,108.39
POS-00418,2025-12-25 23:00:00+00:00,BUY,23.01,69.91
POS-00419,2025-12-26 05:15:00+00:00,SELL,63.07,67.06
POS-00420,2025-12-26 05:45:00+00:00,BUY,42.13,60.24
POS-00421,2025-12-26 11:00:00+00:00,SELL,64.63,93.02
POS-00422,2025-12-26 18:30:00+00:00,SELL,34.13,81.52
POS-00423,2025-12-27 04:15:00+00:00,BUY,12.02,58.81
POS-00424,2025-12-27 04:45:00+00:00,SELL,48.4,47.55
POS-00425,2025-12-27 10:00:00+00:00,BUY,54.82,85.08
POS-00426,2025-12-27 18:30:00+00:00,SELL,78.74,94.97
POS-00427,2025-12-27 21:15:00+00:00,BUY,76.02,62.95
POS-00428,2025-12-28 00:45:00+00:00,BUY,9.57,64.81
POS-00429,2025-12-28 02:00:00+00:00,SELL,66.75,51.71
POS-00430,2025-12-28 05:00:00+00:00,BUY,25.91,58.68
POS-00431,2025-12-28 05:15:00+00:00,SELL,60.78,59.15
POS-00432,2025-12-28 09:15:00+00:00,BUY,35.36,105.81
POS-00433,2025-12-28 11:45:00+00:00,SELL,30.77,77.28
POS-00434,2025-12-28 17:30:00+00:00,SELL,44.06,91.61
POS-00435,2025-12-28 18:00:00+00:00,SELL,47.44,82.72
POS-00436,2025-12-28 22:15:00+00:00,BUY,60.56,63.93
POS-00437,2025-12-29 00:00:00+00:00,BUY,56.03,83.7
POS-00438,2025-12-29 05:45:00+00:00,SELL,59.26,108.77
POS-00439,2025-12-29 19:30:00+00:00,SELL,35.73,91.89
POS-00440,2025-12-29 20:15:00+00:00,BUY,59.19,114.62
POS-00441,2025-12-30 01:15:00+00:00,SELL,32.63,64.45
POS-00442,2025-12-30 07:45:00+00:00,BUY,53.6,75.88
POS-00443,2025-12-30 10:00:00+00:00,BUY,41.76,96.7
POS-00444,2025-12-30 16:15:00+00:00,SELL,50.02,105.01
POS-00445,2025-12-31 05:45:00+00:00,BUY,6.4,63.78
POS-00446,2026-01-01 07:00:00+00:00,BUY,44.9,121.82
POS-00447,2026-01-01 09:00:00+00:00,SELL,22.6,67.36
POS-00448,2026-01-01 09:30:00+00:00,SELL,35.87,114.68
POS-00449,2026-01-01 10:00:00+00:00,SELL,10.9,86.15
POS-00450,2026-01-01 11:15:00+00:00,SELL,57.55,-14.67
POS-00451,2026-01-01 14:30:00+00:00,BUY,76.48,107.26
POS-00452,2026-01-01 17:15:00+00:00,SELL,33.37,112.8
POS-00453,2026-01-01 19:00:00+00:00,SELL,13.41,108.46
POS-00454,2026-01-02 00:45:00+00:00,SELL,54.62,57.27
POS-00455,2026-01-02 05:00:00+00:00,SELL,15.16,79.54
POS-00456,2026-01-02 17:00:00+00:00,BUY,76.33,76.22
POS-00457,2026-01-02 19:00:00+00:00,SELL,14.8,139.59
POS-00458,2026-01-02 21:00:00+00:00,BUY,33.95,111.36
POS-00459,2026-01-02 23:30:00+00:00,SELL,44.57,98.66
POS-00460,2026-01-03 01:15:00+00:00,BUY,14.43,72.4
POS-00461,2026-01-03 05:30:00+00:00,BUY,30.5,57.12
POS-00462,2026-01-03 06:45:00+00:00,SELL,27.02,68.33
POS-00463,2026-01-03 07:45:00+00:00,BUY,62.06,63.98
POS-00464,2026-01-03 12:30:00+00:00,BUY,83.9,81.86
POS-00465,2026-01-03 17:45:00+00:00,SELL,34.03,104.85
POS-00466,2026-01-03 18:30:00+00:00,BUY,68.26,89.89
POS-00467,2026-01-03 22:45:00+00:00,SELL,16.23,50.71
POS-00468,2026-01-04 08:45:00+00:00,SELL,51.39,61.63
POS-00469,2026-01-04 11:00:00+00:00,BUY,39.62,104.26
POS-00470,2026-01-04 14:15:00+00:00,SELL,28.05,107.41
POS-00471,2026-01-04 18:30:00+00:00,BUY,70.74,78.19
POS-00472,2026-01-04 19:30:00+00:00,BUY,64.71,105.87
POS-00473,2026-01-05 03:45:00+00:00,SELL,15.72,93.43
POS-00474,2026-01-05 12:15:00+00:00,SELL,28.39,76.11
POS-00475,2026-01-05 22:45:00+00:00,SELL,70.56,56.74
POS-00476,2026-01-06 02:30:00+00:00,SELL,84.39,43.56
POS-00477,2026-01-06 05:15:00+00:00,SELL,53.93,85.76
POS-00478,2026-01-06 07:30:00+00:00,SELL,74.74,110.34
POS-00479,2026-01-06 08:15:00+00:00,BUY,83.74,93.44
POS-00480,2026-01-06 09:45:00+00:00,BUY,64.24,92.71
POS-00481,2026-01-07 04:45:00+00:00,BUY,56.58,67.79
POS-00482,2026-01-07 05:00:00+00:00,BUY,22.7,76.44
POS-00483,2026-01-07 20:15:00+00:00,BUY,34.63,74.37
POS-00484,2026-01-08 15:45:00+00:00,SELL,54.88,-10.26
POS-00485,2026-01-08 21:45:00+00:00,BUY,79.11,87.98
POS-00486,2026-01-09 01:00:00+00:00,BUY,29.15,72.68
POS-00487,2026-01-09 02:45:00+00:00,BUY,36.62,78.98
POS-00488,2026-01-09 05:00:00+00:00,SELL,6.78,77.17
POS-00489,2026-01-09 08:30:00+00:00,SELL,60.74,114.13
POS-00490,2026-01-09 09:00:00+00:00,SELL,40.49,73.39
POS-00491,2026-01-09 09:30:00+00:00,BUY,68.82,99.37
POS-00492,2026-01-10 02:00:00+00:00,BUY,23.69,52.69
POS-00493,2026-01-10 06:00:00+00:00,SELL,57.77,69.23
POS-00494,2026-01-10 14:00:00+00:00,BUY,58.85,100.51
POS-00495,2026-01-10 17:45:00+00:00,SELL,42.15,77.39
POS-00496,2026-01-10 19:00:00+00:00,BUY,20.09,81.21
POS-00497,2026-01-10 19:45:00+00:00,SELL,37.23,72.45
POS-00498,2026-01-10 23:45:00+00:00,BUY,64.6,48.26
POS-00499,2026-01-11 04:00:00+00:00,BUY,20.13,76.23
POS-00500,2026-01-11 06:00:00+00:00,BUY,12.2,94.64
POS-00501,2026-01-11 10:15:00+00:00,BUY,42.02,91.83
POS-00502,2026-01-12 04:00:00+00:00,SELL,23.76,80.37
POS-00503,2026-01-12 04:45:00+00:00,SELL,69.04,74.92
POS-00504,2026-01-12 06:45:00+00:00,BUY,70.38,70.04
POS-00505,2026-01-12 10:00:00+00:00,SELL,80.62,98.5
POS-00506,2026-01-13 04:45:00+00:00,BUY,72.18,53.67
POS-00507,2026-01-13 08:15:00+00:00,BUY,56.8,82.89
POS-00508,2026-01-13 08:30:00+00:00,SELL,19.96,78.53
POS-00509,2026-01-14 02:30:00+00:00,BUY,70.84,45.73
POS-00510,2026-01-14 03:45:00+00:00,BUY,63.25,52.42
POS-00511,2026-01-14 07:45:00+00:00,SELL,64.75,78.19
POS-00512,2026-01-14 11:00:00+00:00,SELL,60.79,78.67
POS-00513,2026-01-14 11:15:00+00:00,BUY,71.4,97.39
POS-00514,2026-01-14 18:00:00+00:00,SELL,28.83,117.09
POS-00515,2026-01-14 19:15:00+00:00,SELL,58.8,101.72
POS-00516,2026-01-14 21:30:00+00:00,BUY,46.38,72.71
POS-00517,2026-01-14 22:45:00+00:00,BUY,32.03,62.38
POS-00518,2026-01-15 09:00:00+00:00,SELL,31.15,78.86
POS-00519,2026-01-15 10:45:00+00:00,BUY,17.44,91.59
POS-00520,2026-01-15 11:45:00+00:00,SELL,44.32,105.84
POS-00521,2026-01-15 12:15:00+00:00,BUY,34.5,109.75
POS-00522,2026-01-15 16:30:00+00:00,SELL,38.72,121.0
POS-00523,2026-01-16 03:00:00+00:00,BUY,73.13,51.69
POS-00524,2026-01-16 07:15:00+00:00,BUY,59.52,85.4
POS-00525,2026-01-17 00:00:00+00:00,BUY,59.42,55.83
POS-00526,2026-01-17 00:45:00+00:00,SELL,83.72,41.1
POS-00527,2026-01-17 08:15:00+00:00,BUY,22.43,56.85
POS-00528,2026-01-17 17:00:00+00:00,SELL,45.63,82.02
POS-00529,2026-01-17 18:00:00+00:00,BUY,12.4,111.34
POS-00530,2026-01-17 21:30:00+00:00,BUY,36.42,61.43
POS-00531,2026-01-17 22:00:00+00:00,BUY,81.03,50.87
POS-00532,2026-01-18 02:15:00+00:00,BUY,11.87,64.51
POS-00533,2026-01-18 02:45:00+00:00,BUY,65.62,55.72
POS-00534,2026-01-18 15:00:00+00:00,SELL,74.23,84.5
POS-00535,2026-01-18 16:30:00+00:00,SELL,45.72,112.65
POS-00536,2026-01-19 05:45:00+00:00,BUY,68.81,73.01
POS-00537,2026-01-19 16:15:00+00:00,BUY,40.28,129.72
POS-00538,2026-01-19 22:45:00+00:00,BUY,33.27,64.75
POS-00539,2026-01-20 04:15:00+00:00,SELL,45.46,56.97
POS-00540,2026-01-20 11:30:00+00:00,BUY,20.58,78.01
POS-00541,2026-01-20 14:00:00+00:00,SELL,29.6,94.4
POS-00542,2026-01-20 18:15:00+00:00,SELL,29.43,95.64
POS-00543,2026-01-20 20:30:00+00:00,SELL,84.07,71.72
POS-00544,2026-01-20 21:00:00+00:00,SELL,31.81,73.44
POS-00545,2026-01-20 22:30:00+00:00,SELL,23.31,43.88
POS-00546,2026-01-21 02:00:00+00:00,BUY,80.18,14.19
POS-00547,2026-01-21 08:30:00+00:00,BUY,16.09,77.32
POS-00548,2026-01-21 16:45:00+00:00,BUY,82.26,74.97
POS-00549,2026-01-21 17:00:00+00:00,BUY,73.26,107.24
POS-00550,2026-01-21 17:15:00+00:00,BUY,56.76,134.36
POS-00551,2026-01-22 00:30:00+00:00,BUY,39.22,64.27
POS-00552,2026-01-22 03:30:00+00:00,SELL,20.78,44.61
POS-00553,2026-01-22 04:00:00+00:00,BUY,13.5,73.42
POS-00554,2026-01-22 08:45:00+00:00,BUY,13.29,70.04
POS-00555,2026-01-22 17:15:00+00:00,BUY,32.93,106.13
POS-00556,2026-01-23 05:15:00+00:00,BUY,37.57,61.95
POS-00557,2026-01-23 09:45:00+00:00,SELL,78.9,63.35
POS-00558,2026-01-24 01:00:00+00:00,BUY,47.9,47.64
POS-00559,2026-01-24 03:45:00+00:00,BUY,84.25,219.34
POS-00560,2026-01-24 06:30:00+00:00,BUY,62.67,62.23
POS-00561,2026-01-24 07:15:00+00:00,BUY,16.7,65.89
POS-00562,2026-01-24 13:00:00+00:00,BUY,49.29,78.62
POS-00563,2026-01-24 14:30:00+00:00,BUY,17.75,94.3
POS-00564,2026-01-24 15:00:00+00:00,BUY,8.14,94.58
POS-00565,2026-01-25 03:30:00+00:00,BUY,80.5,42.97
POS-00566,2026-01-25 05:45:00+00:00,SELL,32.03,61.83
POS-00567,2026-01-25 12:45:00+00:00,BUY,20.17,63.92
POS-00568,2026-01-25 17:15:00+00:00,SELL,13.14,80.96
POS-00569,2026-01-25 18:00:00+00:00,BUY,57.17,114.6
POS-00570,2026-01-25 21:00:00+00:00,BUY,41.89,52.43
POS-00571,2026-01-25 23:15:00+00:00,SELL,5.93,22.8
POS-00572,2026-01-26 12:00:00+00:00,BUY,62.21,101.45
POS-00573,2026-01-26 12:45:00+00:00,SELL,25.53,91.31
POS-00574,2026-01-26 13:15:00+00:00,SELL,67.44,83.83
POS-00575,2026-01-26 13:30:00+00:00,SELL,44.09,92.1
POS-00576,2026-01-26 16:30:00+00:00,BUY,47.85,110.93
POS-00577,2026-01-26 18:30:00+00:00,SELL,41.58,97.45
POS-00578,2026-01-27 01:15:00+00:00,SELL,59.08,53.13
POS-00579,2026-01-27 07:45:00+00:00,SELL,84.2,50.02
POS-00580,2026-01-27 16:30:00+00:00,BUY,68.83,79.17
POS-00581,2026-01-28 05:15:00+00:00,SELL,10.53,48.14
POS-00582,2026-01-28 11:45:00+00:00,SELL,44.58,103.96
POS-00583,2026-01-28 18:15:00+00:00,BUY,23.74,98.91
POS-00584,2026-01-29 07:15:00+00:00,BUY,13.19,69.11
POS-00585,2026-01-29 07:45:00+00:00,BUY,20.61,52.06
POS-00586,2026-01-29 11:30:00+00:00,SELL,24.85,66.88
POS-00587,2026-01-29 12:15:00+00:00,SELL,81.78,86.64
POS-00588,2026-01-29 17:30:00+00:00,SELL,64.59,88.49
POS-00589,2026-01-29 21:00:00+00:00,SELL,73.24,71.18
POS-00590,2026-01-30 04:00:00+00:00,SELL,60.91,50.09
POS-00591,2026-01-30 05:45:00+00:00,SELL,30.25,92.15
POS-00592,2026-01-30 12:45:00+00:00,SELL,36.29,91.28
POS-00593,2026-01-30 17:15:00+00:00,SELL,40.25,81.64
POS-00594,2026-01-30 21:00:00+00:00,SELL,28.47,49.34
POS-00595,2026-01-31 01:15:00+00:00,BUY,38.72,7.51
POS-00596,2026-01-31 04:45:00+00:00,BUY,66.69,31.17
POS-00597,2026-01-31 06:00:00+00:00,BUY,11.06,50.94
POS-00598,2026-01-31 12:00:00+00:00,SELL,27.13,91.14
POS-00599,2026-01-31 14:30:00+00:00,SELL,43.32,78.75
POS-00600,2026-01-31 14:45:00+00:00,BUY,59.1,90.4
POS-00601,2026-01-31 17:45:00+00:00,SELL,56.67,87.35
POS-00602,2026-02-01 02:30:00+00:00,SELL,63.0,29.93
POS-00603,2026-02-01 03:00:00+00:00,BUY,13.42,46.68
POS-00604,2026-02-01 04:00:00+00:00,BUY,19.46,21.45
POS-00605,2026-02-01 12:45:00+00:00,BUY,29.72,67.37
POS-00606,2026-02-01 23:15:00+00:00,BUY,27.54,18.27
POS-00607,2026-02-01 23:30:00+00:00,BUY,65.45,73.4
POS-00608,2026-02-02 13:30:00+00:00,BUY,84.47,123.32
POS-00609,2026-02-02 15:00:00+00:00,SELL,59.65,86.02
POS-00610,2026-02-02 18:45:00+00:00,BUY,7.64,58.55
POS-00611,2026-02-02 22:30:00+00:00,SELL,28.81,46.85
POS-00612,2026-02-03 02:30:00+00:00,SELL,69.24,39.64
POS-00613,2026-02-03 06:45:00+00:00,SELL,78.95,85.66
POS-00614,2026-02-03 08:00:00+00:00,BUY,52.59,67.87
POS-00615,2026-02-03 09:45:00+00:00,BUY,32.91,82.26
POS-00616,2026-02-03 11:15:00+00:00,SELL,33.41,73.22
POS-00617,2026-02-03 20:15:00+00:00,BUY,55.68,76.62
POS-00618,2026-02-04 11:00:00+00:00,BUY,74.14,85.59
POS-00619,2026-02-04 14:15:00+00:00,SELL,32.27,73.85
POS-00620,2026-02-04 15:00:00+00:00,SELL,20.26,79.58
POS-00621,2026-02-04 18:00:00+00:00,BUY,5.22,78.9
POS-00622,2026-02-04 23:15:00+00:00,BUY,16.0,41.79
POS-00623,2026-02-04 23:45:00+00:00,SELL,73.1,42.28
POS-00624,2026-02-05 05:45:00+00:00,BUY,54.97,52.52
POS-00625,2026-02-05 20:00:00+00:00,SELL,84.25,53.5
POS-00626,2026-02-05 21:00:00+00:00,BUY,10.56,38.77
POS-00627,2026-02-06 03:00:00+00:00,SELL,34.28,54.19
POS-00628,2026-02-06 18:00:00+00:00,BUY,68.66,79.59
POS-00629,2026-02-06 21:45:00+00:00,BUY,57.9,69.58
POS-00630,2026-02-07 01:00:00+00:00,BUY,10.33,49.41
POS-00631,2026-02-07 01:30:00+00:00,SELL,37.12,-8.02
POS-00632,2026-02-07 09:15:00+00:00,SELL,56.01,51.87
POS-00633,2026-02-07 10:15:00+00:00,BUY,60.02,58.55
POS-00634,2026-02-07 11:45:00+00:00,BUY,41.14,55.72
POS-00635,2026-02-08 03:30:00+00:00,SELL,20.05,12.7
POS-00636,2026-02-08 15:15:00+00:00,SELL,82.27,88.53
POS-00637,2026-02-08 21:45:00+00:00,BUY,42.32,39.84
POS-00638,2026-02-09 05:00:00+00:00,SELL,62.39,52.03
POS-00639,2026-02-10 03:30:00+00:00,BUY,47.79,44.62
POS-00640,2026-02-10 05:30:00+00:00,SELL,11.46,49.83
POS-00641,2026-02-10 06:15:00+00:00,BUY,23.94,43.16
POS-00642,2026-02-10 13:15:00+00:00,SELL,10.04,96.4
POS-00643,2026-02-10 17:00:00+00:00,SELL,20.26,82.36
POS-00644,2026-02-10 17:15:00+00:00,SELL,21.01,102.25
POS-00645,2026-02-10 17:45:00+00:00,BUY,38.19,77.05
POS-00646,2026-02-10 23:15:00+00:00,SELL,30.74,32.75
POS-00647,2026-02-10 23:30:00+00:00,SELL,34.0,47.97
POS-00648,2026-02-11 12:15:00+00:00,BUY,70.35,77.31
POS-00649,2026-02-11 12:30:00+00:00,BUY,6.71,71.3
POS-00650,2026-02-11 20:00:00+00:00,SELL,13.27,68.23
POS-00651,2026-02-11 22:00:00+00:00,SELL,69.62,64.02
POS-00652,2026-02-12 00:15:00+00:00,BUY,47.72,63.6
POS-00653,2026-02-12 03:30:00+00:00,SELL,40.11,54.57
POS-00654,2026-02-13 00:30:00+00:00,BUY,26.39,46.61
POS-00655,2026-02-13 02:00:00+00:00,BUY,48.39,48.61
POS-00656,2026-02-13 02:15:00+00:00,SELL,22.73,-4.53
POS-00657,2026-02-13 19:00:00+00:00,BUY,73.67,72.07
POS-00658,2026-02-14 01:15:00+00:00,BUY,70.92,26.73
POS-00659,2026-02-14 02:30:00+00:00,BUY,30.75,64.04
POS-00660,2026-02-14 04:30:00+00:00,BUY,6.96,28.55
POS-00661,2026-02-14 06:45:00+00:00,BUY,76.01,55.65
POS-00662,2026-02-14 07:30:00+00:00,BUY,28.89,41.98
POS-00663,2026-02-14 15:15:00+00:00,BUY,57.55,56.27
POS-00664,2026-02-14 21:00:00+00:00,BUY,73.65,33.68
POS-00665,2026-02-15 10:15:00+00:00,BUY,68.87,63.68
POS-00666,2026-02-15 11:45:00+00:00,BUY,74.0,43.86
POS-00667,2026-02-15 17:00:00+00:00,SELL,44.13,63.98
POS-00668,2026-02-15 18:15:00+00:00,SELL,72.38,84.21
POS-00669,2026-02-15 22:45:00+00:00,BUY,41.89,59.94
POS-00670,2026-02-16 04:00:00+00:00,SELL,26.11,53.62
POS-00671,2026-02-16 21:15:00+00:00,BUY,43.48,78.49
POS-00672,2026-02-17 01:00:00+00:00,BUY,31.83,48.76
POS-00673,2026-02-17 01:30:00+00:00,BUY,66.37,62.66
POS-00674,2026-02-17 01:45:00+00:00,SELL,71.54,55.42
POS-00675,2026-02-17 09:15:00+00:00,BUY,16.29,66.27
POS-00676,2026-02-17 10:00:00+00:00,SELL,18.15,85.15
POS-00677,2026-02-17 10:30:00+00:00,BUY,35.69,75.53
POS-00678,2026-02-17 17:00:00+00:00,SELL,42.06,77.99
POS-00679,2026-02-18 04:15:00+00:00,SELL,81.51,58.11
POS-00680,2026-02-18 08:30:00+00:00,SELL,80.34,84.11
POS-00681,2026-02-18 22:00:00+00:00,BUY,82.36,50.16
POS-00682,2026-02-19 02:30:00+00:00,BUY,63.38,22.71
POS-00683,2026-02-19 03:45:00+00:00,BUY,59.18,59.75
POS-00684,2026-02-19 05:15:00+00:00,SELL,26.63,38.2
POS-00685,2026-02-19 08:30:00+00:00,BUY,34.81,73.41
POS-00686,2026-02-19 10:45:00+00:00,BUY,5.21,71.93
POS-00687,2026-02-20 03:45:00+00:00,SELL,71.64,38.93
POS-00688,2026-02-20 04:00:00+00:00,BUY,27.09,44.57
POS-00689,2026-02-20 17:00:00+00:00,BUY,11.34,92.5
POS-00690,2026-02-20 21:00:00+00:00,SELL,30.25,71.98
POS-00691,2026-02-20 21:45:00+00:00,BUY,30.85,71.14
POS-00692,2026-02-21 00:00:00+00:00,BUY,62.92,66.65
POS-00693,2026-02-21 05:00:00+00:00,BUY,5.46,29.37
POS-00694,2026-02-21 14:15:00+00:00,BUY,23.4,85.6
POS-00695,2026-02-21 16:30:00+00:00,BUY,76.72,93.24
POS-00696,2026-02-21 22:45:00+00:00,SELL,73.39,38.12
POS-00697,2026-02-22 13:00:00+00:00,SELL,55.32,99.13
POS-00698,2026-02-22 22:00:00+00:00,SELL,49.72,39.19
POS-00699,2026-02-23 14:00:00+00:00,SELL,22.81,84.19
POS-00700,2026-02-23 15:15:00+00:00,BUY,75.01,92.78
POS-00701,2026-02-24 00:15:00+00:00,SELL,65.86,38.08
POS-00702,2026-02-24 02:45:00+00:00,SELL,46.03,55.59
POS-00703,2026-02-24 03:45:00+00:00,SELL,17.88,32.28
POS-00704,2026-02-24 05:15:00+00:00,SELL,22.27,51.39
POS-00705,2026-02-24 09:45:00+00:00,SELL,35.34,89.14
POS-00706,2026-02-24 10:00:00+00:00,BUY,31.49,96.19
POS-00707,2026-02-24 10:30:00+00:00,SELL,9.88,87.69
POS-00708,2026-02-24 11:15:00+00:00,BUY,37.51,63.92
POS-00709,2026-02-24 11:45:00+00:00,BUY,40.9,69.77
POS-00710,2026-02-24 14:15:00+00:00,SELL,27.97,86.58
POS-00711,2026-02-24 16:15:00+00:00,SELL,35.74,87.46
POS-00712,2026-02-25 05:00:00+00:00,BUY,31.59,46.98
POS-00713,2026-02-25 06:45:00+00:00,SELL,35.15,73.08
POS-00714,2026-02-25 10:00:00+00:00,SELL,54.52,75.06
POS-00715,2026-02-26 12:00:00+00:00,BUY,44.79,102.31
POS-00716,2026-02-26 16:00:00+00:00,BUY,20.81,84.34
POS-00717,2026-02-26 19:00:00+00:00,BUY,68.62,100.71
POS-00718,2026-02-26 21:15:00+00:00,SELL,46.05,75.39
POS-00719,2026-02-27 02:15:00+00:00,SELL,41.67,63.78
POS-00720,2026-02-27 05:00:00+00:00,SELL,62.07,74.03
POS-00721,2026-02-27 14:00:00+00:00,BUY,65.17,104.9
POS-00722,2026-02-27 18:45:00+00:00,SELL,72.92,83.72
POS-00723,2026-02-27 23:00:00+00:00,SELL,69.9,54.68
POS-00724,2026-02-28 06:45:00+00:00,BUY,58.52,65.49
POS-00725,2026-02-28 22:00:00+00:00,BUY,62.69,60.14
POS-00726,2026-03-01 00:45:00+00:00,BUY,17.57,68.41
POS-00727,2026-03-01 02:30:00+00:00,SELL,60.94,58.42
POS-00728,2026-03-01 09:00:00+00:00,SELL,25.36,85.89
POS-00729,2026-03-01 15:00:00+00:00,BUY,25.63,95.85
POS-00730,2026-03-01 19:15:00+00:00,BUY,14.61,75.11
POS-00731,2026-03-01 21:00:00+00:00,BUY,36.75,37.25
POS-00732,2026-03-01 21:15:00+00:00,BUY,6.59,84.31
POS-00733,2026-03-01 22:00:00+00:00,SELL,57.56,59.4
POS-00734,2026-03-02 07:45:00+00:00,BUY,64.85,70.79
POS-00735,2026-03-02 13:00:00+00:00,BUY,67.04,83.82
POS-00736,2026-03-02 14:30:00+00:00,BUY,15.31,90.95
POS-00737,2026-03-02 16:00:00+00:00,BUY,56.29,143.18
POS-00738,2026-03-02 23:30:00+00:00,SELL,72.06,59.67
POS-00739,2026-03-02 23:45:00+00:00,BUY,7.88,36.47
POS-00740,2026-03-03 00:30:00+00:00,BUY,20.47,50.98
POS-00741,2026-03-03 17:30:00+00:00,BUY,26.42,113.17
POS-00742,2026-03-03 18:00:00+00:00,SELL,41.96,140.86
POS-00743,2026-03-03 22:30:00+00:00,SELL,18.77,56.01
POS-00744,2026-03-04 09:00:00+00:00,BUY,48.11,46.3
POS-00745,2026-03-04 10:15:00+00:00,SELL,32.52,87.18
POS-00746,2026-03-04 15:15:00+00:00,BUY,57.41,97.17
POS-00747,2026-03-04 20:00:00+00:00,SELL,47.51,82.3
POS-00748,2026-03-04 23:45:00+00:00,BUY,59.9,25.11
POS-00749,2026-03-05 00:15:00+00:00,SELL,24.71,59.39
POS-00750,2026-03-05 00:45:00+00:00,BUY,61.57,85.07
POS-00751,2026-03-05 08:45:00+00:00,BUY,63.77,58.07
POS-00752,2026-03-05 10:45:00+00:00,SELL,62.76,119.1
POS-00753,2026-03-05 19:30:00+00:00,BUY,10.48,92.04
POS-00754,2026-03-06 00:00:00+00:00,BUY,80.69,89.77
POS-00755,2026-03-06 03:45:00+00:00,BUY,51.15,67.9
POS-00756,2026-03-06 18:45:00+00:00,BUY,26.79,97.15
POS-00757,2026-03-06 22:30:00+00:00,BUY,39.73,89.65
POS-00758,2026-03-07 06:30:00+00:00,BUY,46.41,68.14
POS-00759,2026-03-08 12:00:00+00:00,BUY,46.42,79.68
POS-00760,2026-03-08 14:45:00+00:00,BUY,24.84,103.04
POS-00761,2026-03-08 16:15:00+00:00,BUY,26.2,87.87
POS-00762,2026-03-08 16:30:00+00:00,SELL,34.09,78.11
POS-00763,2026-03-08 19:30:00+00:00,BUY,67.47,120.42
POS-00764,2026-03-09 01:15:00+00:00,BUY,40.0,53.02
POS-00765,2026-03-09 03:15:00+00:00,BUY,8.09,60.76
POS-00766,2026-03-09 08:00:00+00:00,SELL,41.18,81.74
POS-00767,2026-03-09 09:00:00+00:00,BUY,21.11,70.89
POS-00768,2026-03-09 11:00:00+00:00,BUY,5.99,81.45
POS-00769,2026-03-09 12:15:00+00:00,SELL,83.16,92.67
POS-00770,2026-03-09 13:15:00+00:00,BUY,28.5,96.52
POS-00771,2026-03-09 14:30:00+00:00,SELL,48.0,101.1
POS-00772,2026-03-09 20:00:00+00:00,SELL,33.66,102.13
POS-00773,2026-03-09 22:15:00+00:00,BUY,9.27,60.55
POS-00774,2026-03-09 22:45:00+00:00,SELL,77.07,66.63
POS-00775,2026-03-10 00:45:00+00:00,BUY,79.85,79.47
POS-00776,2026-03-10 07:15:00+00:00,BUY,19.91,76.39
POS-00777,2026-03-10 07:30:00+00:00,BUY,38.44,96.28
POS-00778,2026-03-10 09:00:00+00:00,SELL,34.89,79.22
POS-00779,2026-03-10 15:45:00+00:00,SELL,18.38,123.85
POS-00780,2026-03-10 16:30:00+00:00,BUY,57.93,118.36
POS-00781,2026-03-10 18:15:00+00:00,SELL,67.56,116.01
POS-00782,2026-03-10 18:30:00+00:00,BUY,65.78,93.06
POS-00783,2026-03-11 05:00:00+00:00,BUY,59.02,58.77
POS-00784,2026-03-11 14:45:00+00:00,SELL,6.4,81.45
POS-00785,2026-03-11 17:30:00+00:00,SELL,23.37,136.0
POS-00786,2026-03-12 07:45:00+00:00,BUY,46.17,79.28
POS-00787,2026-03-12 11:30:00+00:00,SELL,61.23,90.86
POS-00788,2026-03-12 14:00:00+00:00,BUY,35.91,111.66
POS-00789,2026-03-12 16:45:00+00:00,BUY,40.94,125.82
POS-00790,2026-03-12 17:15:00+00:00,BUY,72.26,95.47
POS-00791,2026-03-13 02:15:00+00:00,SELL,6.88,68.04
POS-00792,2026-03-13 04:45:00+00:00,BUY,26.49,86.01
POS-00793,2026-03-13 08:00:00+00:00,SELL,28.19,88.56
POS-00794,2026-03-13 08:30:00+00:00,SELL,84.42,81.76
POS-00795,2026-03-13 10:15:00+00:00,BUY,23.2,100.27
POS-00796,2026-03-14 12:45:00+00:00,SELL,8.77,97.58
POS-00797,2026-03-14 16:45:00+00:00,BUY,38.32,104.63
POS-00798,2026-03-14 19:15:00+00:00,SELL,56.96,104.67
POS-00799,2026-03-15 01:15:00+00:00,SELL,17.27,59.84
POS-00800,2026-03-15 11:45:00+00:00,SELL,72.18,82.19
POS-00801,2026-03-15 17:15:00+00:00,SELL,20.72,135.01
POS-00802,2026-03-15 18:00:00+00:00,BUY,61.34,104.41
POS-00803,2026-03-15 20:15:00+00:00,SELL,17.94,77.77
POS-00804,2026-03-16 09:00:00+00:00,BUY,75.54,107.84
POS-00805,2026-03-16 22:30:00+00:00,SELL,21.11,97.31
POS-00806,2026-03-16 23:00:00+00:00,SELL,63.51,113.16
POS-00807,2026-03-17 02:00:00+00:00,SELL,72.1,53.63
POS-00808,2026-03-17 08:45:00+00:00,BUY,25.4,77.0
POS-00809,2026-03-17 12:00:00+00:00,BUY,12.43,119.08
POS-00810,2026-03-17 16:30:00+00:00,SELL,51.89,104.72
POS-00811,2026-03-17 19:00:00+00:00,SELL,44.92,127.78
POS-00812,2026-03-17 19:45:00+00:00,BUY,43.35,70.22
POS-00813,2026-03-18 03:45:00+00:00,SELL,67.51,77.98
POS-00814,2026-03-18 05:15:00+00:00,BUY,42.05,73.03
POS-00815,2026-03-18 10:15:00+00:00,BUY,44.76,111.67
POS-00816,2026-03-18 17:45:00+00:00,SELL,43.98,137.52
POS-00817,2026-03-18 19:15:00+00:00,BUY,41.37,143.48
POS-00818,2026-03-19 04:00:00+00:00,BUY,37.46,72.18
POS-00819,2026-03-19 12:45:00+00:00,BUY,17.87,93.69
POS-00820,2026-03-19 14:00:00+00:00,BUY,28.62,96.28
POS-00821,2026-03-19 20:00:00+00:00,BUY,26.19,78.45
POS-00822,2026-03-20 02:45:00+00:00,BUY,24.85,84.34
POS-00823,2026-03-20 11:30:00+00:00,SELL,67.63,110.22
POS-00824,2026-03-20 13:30:00+00:00,SELL,14.12,87.93
POS-00825,2026-03-20 20:15:00+00:00,SELL,21.43,87.6
POS-00826,2026-03-20 21:45:00+00:00,SELL,47.11,68.83
POS-00827,2026-03-21 06:30:00+00:00,BUY,30.0,60.92
POS-00828,2026-03-21 08:15:00+00:00,BUY,24.21,85.32
POS-00829,2026-03-21 10:30:00+00:00,BUY,34.87,74.5
POS-00830,2026-03-21 13:45:00+00:00,BUY,45.16,63.6
POS-00831,2026-03-21 14:45:00+00:00,SELL,58.95,98.67
POS-00832,2026-03-21 16:15:00+00:00,BUY,82.78,123.96
POS-00833,2026-03-21 16:45:00+00:00,BUY,73.21,85.56
POS-00834,2026-03-21 17:45:00+00:00,SELL,39.4,116.41
POS-00835,2026-03-21 20:45:00+00:00,BUY,41.13,73.38
POS-00836,2026-03-22 00:30:00+00:00,BUY,38.26,61.54
POS-00837,2026-03-22 14:15:00+00:00,SELL,24.11,76.0
POS-00838,2026-03-22 16:45:00+00:00,SELL,81.14,114.13
POS-00839,2026-03-22 23:00:00+00:00,BUY,10.49,53.4
POS-00840,2026-03-23 00:30:00+00:00,SELL,21.4,71.63
POS-00841,2026-03-23 01:00:00+00:00,BUY,57.96,59.74
POS-00842,2026-03-23 11:00:00+00:00,BUY,52.16,102.95
POS-00843,2026-03-23 12:30:00+00:00,SELL,27.29,119.22
POS-00844,2026-03-23 20:15:00+00:00,BUY,79.96,111.03
POS-00845,2026-03-24 02:15:00+00:00,BUY,37.76,72.72
POS-00846,2026-03-24 06:30:00+00:00,SELL,52.7,82.65
POS-00847,2026-03-24 09:00:00+00:00,SELL,12.28,114.21
POS-00848,2026-03-24 15:45:00+00:00,BUY,76.27,115.96
POS-00849,2026-03-24 16:30:00+00:00,SELL,13.24,127.72
POS-00850,2026-03-25 00:15:00+00:00,BUY,36.52,38.09
POS-00851,2026-03-25 04:15:00+00:00,SELL,75.85,80.17
POS-00852,2026-03-25 08:45:00+00:00,BUY,80.6,94.4
POS-00853,2026-03-25 13:15:00+00:00,BUY,77.32,89.76
POS-00854,2026-03-25 16:45:00+00:00,BUY,71.21,114.74
POS-00855,2026-03-25 22:15:00+00:00,SELL,23.66,60.13
POS-00856,2026-03-25 22:30:00+00:00,BUY,7.55,74.07
POS-00857,2026-03-25 23:00:00+00:00,SELL,41.14,62.89
POS-00858,2026-03-26 01:30:00+00:00,SELL,10.05,64.43
POS-00859,2026-03-26 02:15:00+00:00,SELL,81.84,47.54
POS-00860,2026-03-26 03:00:00+00:00,BUY,5.65,68.37
POS-00861,2026-03-26 05:30:00+00:00,BUY,31.04,76.65
POS-00862,2026-03-26 09:00:00+00:00,SELL,21.26,105.43
POS-00863,2026-03-26 13:30:00+00:00,SELL,6.1,86.47
POS-00864,2026-03-26 18:15:00+00:00,BUY,44.93,82.11
POS-00865,2026-03-26 18:45:00+00:00,BUY,11.08,117.76
POS-00866,2026-03-26 20:00:00+00:00,BUY,77.0,104.95
POS-00867,2026-03-27 00:30:00+00:00,BUY,60.01,96.78
POS-00868,2026-03-27 06:00:00+00:00,SELL,34.6,61.63
POS-00869,2026-03-27 11:00:00+00:00,BUY,72.33,104.35
POS-00870,2026-03-27 15:45:00+00:00,BUY,68.75,120.0
POS-00871,2026-03-27 17:30:00+00:00,BUY,31.12,99.69
POS-00872,2026-03-27 23:00:00+00:00,BUY,72.78,44.98
POS-00873,2026-03-27 23:15:00+00:00,BUY,79.35,83.12
POS-00874,2026-03-27 23:30:00+00:00,SELL,54.59,75.73
POS-00875,2026-03-28 01:15:00+00:00,BUY,33.14,57.89
POS-00876,2026-03-28 08:30:00+00:00,BUY,77.05,86.65
POS-00877,2026-03-28 11:30:00+00:00,SELL,80.43,105.74
POS-00878,2026-03-28 12:00:00+00:00,BUY,32.78,75.02
POS-00879,2026-03-28 20:45:00+00:00,BUY,11.9,85.81
POS-00880,2026-03-28 22:00:00+00:00,SELL,74.42,49.98
POS-00881,2026-03-28 23:45:00+00:00,SELL,58.18,34.15
POS-00882,2026-03-29 01:00:00+00:00,SELL,23.56,74.57
POS-00883,2026-03-29 08:15:00+00:00,BUY,50.35,96.09
POS-00884,2026-03-29 12:00:00+00:00,BUY,29.66,76.42
POS-00885,2026-03-29 13:45:00+00:00,BUY,78.54,102.62
POS-00886,2026-03-29 23:45:00+00:00,BUY,32.37,43.86
POS-00887,2026-03-30 03:00:00+00:00,BUY,20.7,70.3
POS-00888,2026-03-30 03:45:00+00:00,BUY,8.46,74.3
POS-00889,2026-03-30 11:00:00+00:00,SELL,32.4,104.84
POS-00890,2026-03-30 11:15:00+00:00,BUY,84.16,108.27
POS-00891,2026-03-30 14:15:00+00:00,BUY,22.47,111.44
POS-00892,2026-03-30 20:00:00+00:00,SELL,41.64,94.78
POS-00893,2026-03-30 21:45:00+00:00,BUY,82.77,71.1
POS-00894,2026-03-30 22:00:00+00:00,BUY,5.54,84.57
POS-00895,2026-03-30 23:15:00+00:00,BUY,28.61,62.89
POS-00896,2026-03-31 06:45:00+00:00,SELL,70.69,80.68
POS-00897,2026-03-31 07:00:00+00:00,SELL,12.66,106.57
POS-00898,2026-03-31 08:15:00+00:00,SELL,79.26,59.57
POS-00899,2026-03-31 11:45:00+00:00,SELL,71.76,91.34
POS-00900,2026-03-31 15:15:00+00:00,BUY,16.44,108.62
